model,epoch,time_s,loss
standard,1,1140.7245891094208,4.679898034232004
wavelet_ar,1,513.985274553299,4.780277407291957
